Capacity,Mixture
2.2207817855506145,0.5
2.626622302614182,0.4870445344129554
2.690373321942528,0.4841269841269842
2.924672338287121,0.4818181818181818
3.129598292030528,0.48119658119658115
3.309551881281571,0.47378917378917385
3.3682367164972478,0.419047619047619
3.3874313627085124,0.4115384615384615
3.493713274356397,0.37666666666666665
