{"charts_0/epsilon": 0.905, "losses_0/scalarized_td_error": 0.0, "losses_0/mean_td_error": 0.0, "global_step": 100000, "_timestamp": 1724354469.9840367, "_runtime": 212.99048471450806, "_step": 541, "eval_0/scalarized_return": 0.0, "eval_0/scalarized_discounted_return": 0.0, "eval_0/vec_0": 0.0, "eval_0/discounted_vec_0": 0.0, "eval_0/vec_1": 0.0, "eval_0/discounted_vec_1": 0.0, "eval_0/vec_2": 0.0, "eval_0/discounted_vec_2": 0.0, "eval/hypervolume": 3.305739900816369, "eval/sparsity": 0.028087428608731046, "eval/eum": 0.2095144008771173, "eval/cardinality": 6, "eval/front": {"_type": "table-file", "sha256": "5b15ccd80af975142a5d70dacd3b05736d8924d368f79ebd81f4914f28553396", "size": 362, "artifact_path": "wandb-client-artifact://2svsatifzk9pltxlh02q7ik67yyuielimgpiutkqecyxb9ysseuptbjgmfrx5k4e4qykc58qnun4besfi3vt4zp9pziqn6muptjrz435xqh5hzeyu07j4ztipcvcwltk/eval/front.table.json", "_latest_artifact_path": "wandb-client-artifact://any7i55t11o4jxkfca9ksodvcub46h48406fhyvmzzi69rndgapainy3sqi14g8dstbcd84vr9uoc4cno2qpjt1h18hynqzfnvydl9wb65895xcty4pibov6482w33kz:latest/eval/front.table.json", "path": "media/table/eval/front_541_5b15ccd80af975142a5d.table.json", "ncols": 3, "nrows": 6}, "charts_1/epsilon": 0.81, "losses_1/scalarized_td_error": 7.638815465393911e-05, "losses_1/mean_td_error": 2.5462718217979703e-05, "eval_1/scalarized_return": 1.0, "eval_1/scalarized_discounted_return": 0.3874204754829407, "eval_1/vec_0": 0.0, "eval_1/discounted_vec_0": 0.0, "eval_1/vec_1": 0.0, "eval_1/discounted_vec_1": 0.0, "eval_1/vec_2": 1.0, "eval_1/discounted_vec_2": 0.3874204754829407, "charts_2/epsilon": 0.7150000000000001, "losses_2/scalarized_td_error": 0.03418648017013015, "losses_2/mean_td_error": 0.042105027410808245, "eval_2/scalarized_return": 0.8, "eval_2/scalarized_discounted_return": 0.3826375246047974, "eval_2/vec_0": -0.2, "eval_2/discounted_vec_0": -0.13121999502182008, "eval_2/vec_1": 0.8, "eval_2/discounted_vec_1": 0.3826375246047974, "eval_2/vec_2": 0.0, "eval_2/discounted_vec_2": 0.0, "charts_3/epsilon": 0.62, "losses_3/scalarized_td_error": 0.002693591686186424, "losses_3/mean_td_error": 0.003027363906605566, "eval_3/scalarized_return": 0.6, "eval_3/scalarized_discounted_return": 0.18828635215759276, "eval_3/vec_0": -0.4, "eval_3/discounted_vec_0": -0.21257638931274414, "eval_3/vec_1": 0.6, "eval_3/discounted_vec_1": 0.18828635215759276, "eval_3/vec_2": 0.6, "eval_3/discounted_vec_2": 0.18828635215759276, "charts_4/epsilon": 0.525, "losses_4/scalarized_td_error": 9.034550552122766e-08, "losses_4/mean_td_error": 6.037304175840807e-08, "eval_4/scalarized_return": 0.6, "eval_4/scalarized_discounted_return": 0.18828635215759276, "eval_4/vec_0": -0.4, "eval_4/discounted_vec_0": -0.21257638931274414, "eval_4/vec_1": 0.6, "eval_4/discounted_vec_1": 0.18828635215759276, "eval_4/vec_2": 0.6, "eval_4/discounted_vec_2": 0.18828635215759276, "charts_4/SPS": 4090, "charts_4/timesteps_per_episode": 27, "charts_4/episode_time": 0.055663999170064926, "metrics_4/scalarized_episode_return": 1.0, "metrics_4/discounted_scalarized_episode_return": 0.05814973637461662, "metrics_4/episode_return_obj_0": 0.0, "metrics_4/disc_episode_return_obj_0": 0.0, "metrics_4/episode_return_obj_1": 1.0, "metrics_4/disc_episode_return_obj_1": 0.05814973637461662, "metrics_4/episode_return_obj_2": 1.0, "metrics_4/disc_episode_return_obj_2": 0.05814973637461662, "charts_5/epsilon": 0.43, "losses_5/scalarized_td_error": 0.00011683619938283756, "losses_5/mean_td_error": 6.614214479670022e-05, "eval_5/scalarized_return": 0.22131782945736433, "eval_5/scalarized_discounted_return": 0.06945187795993893, "eval_5/vec_0": 0.0, "eval_5/discounted_vec_0": 0.0, "eval_5/vec_1": 1.0, "eval_5/discounted_vec_1": 0.3138105869293213, "eval_5/vec_2": 0.0, "eval_5/discounted_vec_2": 0.0, "charts_5/SPS": 4732, "charts_5/timesteps_per_episode": 1, "charts_5/episode_time": 0.0, "metrics_5/scalarized_episode_return": 0.0, "metrics_5/discounted_scalarized_episode_return": 0.0, "metrics_5/episode_return_obj_0": 0.0, "metrics_5/disc_episode_return_obj_0": 0.0, "metrics_5/episode_return_obj_1": 0.0, "metrics_5/disc_episode_return_obj_1": 0.0, "metrics_5/episode_return_obj_2": 0.0, "metrics_5/disc_episode_return_obj_2": 0.0, "charts_6/epsilon": 0.33499999999999996, "losses_6/scalarized_td_error": 4.726699333107735e-13, "losses_6/mean_td_error": 5.544388918723499e-13, "eval_6/scalarized_return": 0.16831035485812115, "eval_6/scalarized_discounted_return": 0.015238057541662287, "eval_6/vec_0": -0.4, "eval_6/discounted_vec_0": -0.21257638931274414, "eval_6/vec_1": 0.6, "eval_6/discounted_vec_1": 0.18828635215759276, "eval_6/vec_2": 0.6, "eval_6/discounted_vec_2": 0.18828635215759276, "charts_7/epsilon": 0.24, "losses_7/scalarized_td_error": 3.742988381001914e-09, "losses_7/mean_td_error": 3.7247989877660834e-09, "eval_7/scalarized_return": 0.46992221473705875, "eval_7/scalarized_discounted_return": 0.13309957483113008, "eval_7/vec_0": -0.2, "eval_7/discounted_vec_0": -0.10628819465637207, "eval_7/vec_1": 0.8, "eval_7/discounted_vec_1": 0.25104846954345705, "eval_7/vec_2": 0.8, "eval_7/discounted_vec_2": 0.25104846954345705, "charts_8/epsilon": 0.14500000000000002, "losses_8/scalarized_td_error": 2.8286328309150164e-16, "losses_8/mean_td_error": 2.9605947323337506e-16, "eval_8/scalarized_return": 0.4369514881638409, "eval_8/scalarized_discounted_return": 0.08188438763874026, "eval_8/vec_0": -0.2, "eval_8/discounted_vec_0": -0.13121999502182008, "eval_8/vec_1": 0.8, "eval_8/discounted_vec_1": 0.20334925651550292, "eval_8/vec_2": 0.8, "eval_8/discounted_vec_2": 0.20334925651550292, "charts_8/SPS": 5129, "charts_8/timesteps_per_episode": 16, "charts_8/episode_time": 0.021361999213695526, "metrics_8/scalarized_episode_return": 0.636951488163841, "metrics_8/discounted_scalarized_episode_return": 0.1180283968377789, "metrics_8/episode_return_obj_0": 0.0, "metrics_8/disc_episode_return_obj_0": 0.0, "metrics_8/episode_return_obj_1": 1.0, "metrics_8/disc_episode_return_obj_1": 0.1853020191192627, "metrics_8/episode_return_obj_2": 1.0, "metrics_8/disc_episode_return_obj_2": 0.1853020191192627, "charts_9/epsilon": 0.05, "losses_9/scalarized_td_error": -0.0002884966363154841, "losses_9/mean_td_error": -0.0007330216733325475, "eval_9/scalarized_return": 0.20716983022547747, "eval_9/scalarized_discounted_return": 0.03920851423921079, "eval_9/vec_0": -0.2, "eval_9/discounted_vec_0": -0.10628819465637207, "eval_9/vec_1": 0.8, "eval_9/discounted_vec_1": 0.25104846954345705, "eval_9/vec_2": 0.8, "eval_9/discounted_vec_2": 0.25104846954345705, "charts_9/SPS": 26690, "charts_9/timesteps_per_episode": 13, "charts_9/episode_time": 0.01574699953198433, "metrics_9/scalarized_episode_return": 0.4071698302254775, "metrics_9/discounted_scalarized_episode_return": 0.10349710281486799, "metrics_9/episode_return_obj_0": 0.0, "metrics_9/disc_episode_return_obj_0": 0.0, "metrics_9/episode_return_obj_1": 1.0, "metrics_9/disc_episode_return_obj_1": 0.25418657064437866, "metrics_9/episode_return_obj_2": 1.0, "metrics_9/disc_episode_return_obj_2": 0.25418657064437866, "_wandb": {"runtime": 214}}